N,P,K,ph,label
143,69,217,5.9,pomegranate
170,36,216,5.9,pomegranate
158,66,219,6.8,pomegranate
133,45,207,6.4,pomegranate
132,48,218,6.7,pomegranate
137,36,187,6.5,pomegranate
173,62,194,6.3,pomegranate
152,56,218,6.4,pomegranate
143,71,173,6.9,pomegranate
141,20,208,6.6,pomegranate
131,36,209,5.8,pomegranate
146,43,195,6.7,pomegranate
136,78,215,5.8,pomegranate
179,47,213,6.5,pomegranate
170,71,186,6.1,pomegranate
168,52,174,6.9,pomegranate
169,18,217,7.2,pomegranate
153,45,179,5.9,pomegranate
175,38,198,5.7,pomegranate
161,73,183,6.2,pomegranate
172,45,176,6.6,pomegranate
139,21,185,5.9,pomegranate
150,62,176,6.1,pomegranate
176,51,184,6.1,pomegranate
176,12,174,6.6,pomegranate
169,66,184,6.9,pomegranate
163,61,208,6.6,pomegranate
132,26,172,6.8,pomegranate
140,38,209,7.1,pomegranate
131,55,194,5.7,pomegranate
137,76,190,5.8,pomegranate
145,61,187,6.6,pomegranate
147,21,194,6.9,pomegranate
170,57,203,6.6,pomegranate
150,14,215,6.8,pomegranate
151,12,196,6.9,pomegranate
174,76,216,6.3,pomegranate
163,61,220,7,pomegranate
162,77,188,6.3,pomegranate
167,15,205,6.7,pomegranate
153,49,175,7,pomegranate
167,25,194,5.6,pomegranate
169,26,220,7.2,pomegranate
160,54,203,5.8,pomegranate
151,33,220,6.7,pomegranate
164,72,206,6,pomegranate
153,79,201,5.6,pomegranate
172,65,212,6.1,pomegranate
167,24,171,7,pomegranate
131,61,181,7.1,pomegranate
135,41,214,7.1,pomegranate
145,68,213,6.7,pomegranate
176,30,190,7.2,pomegranate
172,72,218,7,pomegranate
157,57,172,5.6,pomegranate
165,80,171,6.6,pomegranate
158,79,182,7.1,pomegranate
135,63,170,6,pomegranate
157,46,199,5.8,pomegranate
176,74,175,6.5,pomegranate
132,51,185,5.7,pomegranate
148,51,219,6.1,pomegranate
154,53,189,7,pomegranate
133,32,213,6.3,pomegranate
178,32,182,6.3,pomegranate
130,11,200,6,pomegranate
163,51,198,6.6,pomegranate
131,39,181,7.1,pomegranate
167,39,183,6.4,pomegranate
140,61,193,6.7,pomegranate
139,55,190,6.3,pomegranate
140,63,201,6.8,pomegranate
153,36,202,6.4,pomegranate
146,39,197,7,pomegranate
146,69,177,6.9,pomegranate
150,17,171,6.2,pomegranate
132,11,196,5.7,pomegranate
171,34,201,7.1,pomegranate
180,11,211,6,pomegranate
178,16,179,6.9,pomegranate
135,51,195,6.9,pomegranate
137,53,177,6.8,pomegranate
161,57,186,5.8,pomegranate
153,78,188,5.6,pomegranate
141,69,211,5.7,pomegranate
163,41,186,5.6,pomegranate
145,80,181,6.1,pomegranate
133,15,212,6.4,pomegranate
175,12,171,5.8,pomegranate
147,62,192,7.1,pomegranate
151,69,207,5.9,pomegranate
133,64,197,7.1,pomegranate
168,64,206,5.8,pomegranate
153,60,185,6.3,pomegranate
173,29,170,5.9,pomegranate
138,78,194,7.1,pomegranate
143,21,218,6.4,pomegranate
141,36,190,7.2,pomegranate
177,79,214,6.4,pomegranate
137,38,208,6.1,pomegranate
104,23,193,5.8,pomegranate
146,76,192,5.7,pomegranate
153,62,67,6.2,pomegranate
155,66,86,5.9,pomegranate
98,85,191,6,mango
95,87,141,4.8,mango
107,79,127,5.7,mango
123,74,134,6,mango
93,73,139,6.4,mango
137,74,188,6.1,mango
145,84,191,5.1,mango
86,83,143,5.7,mango
148,76,197,6,mango
137,71,170,5.1,mango
131,81,149,4.8,mango
129,85,179,5.2,mango
86,80,195,6.8,mango
81,87,128,6.4,mango
127,80,163,5.6,mango
111,82,164,5.8,mango
100,82,159,5.4,mango
112,88,148,6.2,mango
89,77,156,5.2,mango
85,80,131,5,mango
118,70,153,5.7,mango
148,73,198,5.5,mango
82,86,136,6.8,mango
110,71,146,6.1,mango
109,76,182,5.1,mango
92,77,162,4.5,mango
138,86,149,5.9,mango
91,78,159,6.4,mango
132,87,195,4.5,mango
114,82,183,6.1,mango
128,89,184,6.5,mango
98,78,179,6.8,mango
91,80,132,5.4,mango
98,78,131,6.1,mango
97,84,183,4.6,mango
110,86,154,6.4,mango
102,89,160,5.3,mango
104,85,172,5.3,mango
139,74,125,6.7,mango
118,86,179,5.7,mango
128,73,123,4.7,mango
111,74,165,6.8,mango
127,72,168,6.5,mango
110,82,167,5.8,mango
112,87,145,5,mango
80,71,169,6.4,mango
105,72,164,4.9,mango
122,86,167,6.4,mango
111,76,155,6.8,mango
145,73,181,6.4,mango
112,85,184,4.7,mango
107,86,159,5.3,mango
121,87,154,5.9,mango
121,76,169,4.8,mango
101,77,125,6.8,mango
135,82,166,5.3,mango
145,88,136,6.3,mango
81,76,136,4.8,mango
133,87,192,6.8,mango
144,85,190,7,mango
130,73,152,4.9,mango
81,77,151,5.6,mango
85,71,146,6.3,mango
82,86,168,6.5,mango
128,89,191,7,mango
129,81,151,5.6,mango
132,73,197,6.4,mango
106,73,191,5,mango
149,76,137,5.4,mango
143,70,156,6.9,mango
82,80,149,5.4,mango
133,84,143,5.9,mango
97,83,144,4.7,mango
81,71,200,5.5,mango
116,88,193,6.8,mango
116,85,139,6.5,mango
112,81,138,4.8,mango
122,85,184,6.5,mango
88,78,171,6.5,mango
131,80,159,6.3,mango
125,73,146,6.1,mango
140,88,156,5.7,mango
115,86,131,5.3,mango
137,81,122,4.7,mango
129,76,169,5.1,mango
120,81,134,5.3,mango
103,87,182,5.1,mango
126,80,161,5.8,mango
90,77,124,6,mango
129,80,146,5.7,mango
129,76,190,6.5,mango
100,83,170,6.3,mango
109,72,185,6.1,mango
120,76,124,4.9,mango
123,81,126,5.4,mango
100,86,188,4.5,mango
132,80,156,5.4,mango
118,74,165,6.6,mango
105,82,195,6.2,mango
148,74,196,5.4,mango
121,45,61,6.1,mango
124,34,102,5.6,mango
131,24,61,6.5,mango
126,31,56,6.2,mango
154,60,68,6.1,grapes
154,65,88,6.1,grapes
157,35,62,5.9,grapes
174,35,72,6.2,grapes
154,35,93,5.7,grapes
141,42,76,6.3,grapes
101,32,91,6.1,grapes
104,63,76,5.6,grapes
155,59,62,6.1,grapes
109,54,67,6.5,grapes
175,50,65,5.6,grapes
153,66,64,5.8,grapes
145,55,72,5.6,grapes
112,36,88,6.3,grapes
110,48,83,5.5,grapes
143,59,95,6.2,grapes
160,37,74,5.9,grapes
144,43,77,6.3,grapes
171,44,76,5.9,grapes
132,60,90,5.9,grapes
113,32,62,5.8,grapes
145,43,89,5.9,grapes
178,43,95,6.2,grapes
103,61,66,5.6,grapes
138,55,94,5.6,grapes
112,44,89,5.9,grapes
164,55,94,6.4,grapes
112,30,89,6.4,grapes
115,59,70,6.2,grapes
169,37,69,6,grapes
129,69,62,5.7,grapes
138,31,90,5.7,grapes
146,37,72,6.4,grapes
117,52,70,6.1,grapes
101,35,93,6.2,grapes
110,36,66,6.5,grapes
127,37,85,5.8,grapes
144,36,77,6.3,grapes
157,48,96,5.6,grapes
112,51,82,6.5,grapes
105,38,73,6.1,grapes
111,51,65,5.7,grapes
119,67,64,5.7,grapes
153,49,68,6.3,grapes
126,46,66,6.2,grapes
118,32,98,5.7,grapes
139,38,93,5.8,grapes
122,40,88,5.5,grapes
138,36,80,5.8,grapes
105,63,92,6.4,grapes
108,49,96,6.1,grapes
136,30,65,6,grapes
174,68,92,6.5,grapes
127,31,84,6.3,grapes
142,34,83,6.4,grapes
110,32,61,6.3,grapes
103,30,85,6.5,grapes
174,44,88,5.9,grapes
120,30,95,6,grapes
155,66,78,6.4,grapes
102,43,78,5.7,grapes
139,41,83,6,grapes
168,54,93,6.4,grapes
174,58,72,5.5,grapes
154,41,99,5.7,grapes
114,53,64,5.8,grapes
171,51,87,6.3,grapes
171,32,93,6,grapes
155,68,90,5.9,grapes
176,48,63,6.1,grapes
176,58,65,6.3,grapes
114,47,78,6.1,grapes
140,47,93,5.8,grapes
134,38,84,6.4,grapes
152,65,92,6,grapes
116,67,61,5.6,grapes
151,62,82,5.8,grapes
111,64,62,5.7,grapes
160,35,80,5.9,grapes
145,48,81,6.4,grapes
119,48,89,5.6,grapes
170,40,69,6.1,grapes
129,52,64,5.6,grapes
148,34,98,6.3,grapes
161,47,61,6.5,grapes
175,41,81,5.8,grapes
175,47,60,6.3,grapes
154,69,88,5.6,grapes
161,69,60,6.4,grapes
179,59,88,6.3,grapes
165,35,92,5.8,grapes
147,60,64,6.2,grapes
148,54,79,5.7,grapes
110,47,93,5.9,grapes
105,52,87,6.4,grapes
128,33,66,6,grapes
153,35,96,6.5,grapes
160,52,66,6.2,grapes
125,44,62,6.2,grapes
120,33,100,5.8,grapes
142,27,57,6.2,grapes
132,29,82,6.7,grapes
177,76,301,7.2,grapes
172,95,342,6.5,grapes
133,25,64,6.8,mulberry
129,29,55,6,mulberry
133,14,110,6.2,mulberry
147,15,75,6.1,mulberry
116,22,76,6.4,mulberry
126,12,53,6.2,mulberry
173,13,66,6.7,mulberry
121,26,54,6.6,mulberry
124,19,72,6.4,mulberry
139,20,76,6.5,mulberry
145,14,68,6.6,mulberry
162,29,60,6.4,mulberry
177,21,71,6,mulberry
118,14,72,6.8,mulberry
112,18,51,6.3,mulberry
162,16,67,6.2,mulberry
149,23,72,6,mulberry
114,11,70,6.2,mulberry
124,29,105,6.1,mulberry
127,11,57,6.4,mulberry
124,13,106,6.5,mulberry
164,16,61,6.1,mulberry
130,19,107,6.3,mulberry
129,21,103,6.4,mulberry
133,20,75,6.1,mulberry
115,26,75,6.3,mulberry
157,10,105,6.3,mulberry
152,28,97,6.8,mulberry
130,14,69,6.8,mulberry
152,27,92,6.3,mulberry
138,20,97,6.3,mulberry
180,17,62,6,mulberry
163,27,83,6.2,mulberry
115,14,83,6.3,mulberry
172,18,110,6.2,mulberry
139,27,61,6.3,mulberry
156,17,94,6.4,mulberry
151,25,93,6.3,mulberry
120,26,79,6.4,mulberry
176,23,91,6.6,mulberry
154,20,102,6.2,mulberry
143,27,90,6.3,mulberry
169,16,88,6.3,mulberry
164,24,86,6.4,mulberry
161,20,99,6.5,mulberry
172,27,56,6.6,mulberry
165,26,79,6.6,mulberry
173,23,73,6.4,mulberry
124,21,54,6.4,mulberry
129,17,52,6.5,mulberry
165,20,88,6.7,mulberry
149,12,104,6.3,mulberry
112,12,85,6,mulberry
120,16,61,6.4,mulberry
166,20,102,6.5,mulberry
170,12,61,6.1,mulberry
139,21,103,6.7,mulberry
114,15,97,6.6,mulberry
158,10,87,6.2,mulberry
117,14,108,6,mulberry
169,17,72,6,mulberry
155,13,95,6.6,mulberry
175,20,76,6.3,mulberry
171,14,72,6.7,mulberry
130,21,106,6.8,mulberry
125,18,61,6.3,mulberry
176,27,109,6.5,mulberry
160,20,79,6.5,mulberry
116,21,104,6.2,mulberry
130,27,83,6,mulberry
135,11,74,6.3,mulberry
122,30,97,6.7,mulberry
110,24,104,6.8,mulberry
153,26,73,6.2,mulberry
145,28,82,6.8,mulberry
160,14,56,6.5,mulberry
173,10,60,6.4,mulberry
130,18,106,6.5,mulberry
144,23,56,6.5,mulberry
151,18,107,6.7,mulberry
124,15,68,6.6,mulberry
129,30,88,6.2,mulberry
166,22,84,6.6,mulberry
110,26,110,6.1,mulberry
122,13,97,6.6,mulberry
178,23,59,6.4,mulberry
145,19,82,6.5,mulberry
132,24,63,6,mulberry
136,30,89,6.6,mulberry
167,21,90,6.2,mulberry
165,17,102,6.4,mulberry
159,19,61,6.3,mulberry
157,19,105,6.1,mulberry
171,16,71,6.6,mulberry
173,30,80,6.6,mulberry
173,24,107,6.7,mulberry
158,13,84,6.1,mulberry
145,23,93,6.1,mulberry
146,28,56,6.4,mulberry
131,28,81,6.4,mulberry
194,76,260,6.2,mulberry
142,77,269,7,mulberry
102,32,67,5.8,mulberry
73,34,194,6.2,mulberry
174,79,300,7.7,ragi
147,96,346,6.3,ragi
164,96,242,6.2,ragi
179,86,301,7.7,ragi
160,73,359,7.3,ragi
125,97,250,7.2,ragi
137,95,326,6.3,ragi
161,57,287,6,ragi
165,72,310,6.8,ragi
188,66,320,6,ragi
198,67,247,7.7,ragi
121,52,362,5.8,ragi
176,58,332,6.5,ragi
129,73,252,7.2,ragi
148,85,248,6.5,ragi
193,78,332,6.3,ragi
113,53,333,5.7,ragi
116,90,247,7.5,ragi
114,87,253,5.7,ragi
130,60,254,5.8,ragi
122,99,272,6.8,ragi
137,94,270,7.4,ragi
141,53,277,6.7,ragi
176,86,256,6.5,ragi
183,54,261,6.1,ragi
137,67,345,7,ragi
181,72,337,7.2,ragi
163,57,233,5.9,ragi
179,54,308,6.6,ragi
155,56,317,5.8,ragi
135,87,242,7.3,ragi
151,89,320,6.3,ragi
194,66,326,6.9,ragi
188,89,273,5.8,ragi
148,84,261,7.2,ragi
156,79,352,5.8,ragi
118,82,304,7.8,ragi
173,82,320,6.9,ragi
178,81,336,7.4,ragi
116,70,268,7.2,ragi
157,98,296,7.7,ragi
111,75,242,6,ragi
162,58,349,6.1,ragi
163,82,320,6.4,ragi
113,79,360,8,ragi
151,68,358,6.4,ragi
144,53,289,6.3,ragi
121,81,356,6.9,ragi
113,57,234,6.4,ragi
140,100,339,5.8,ragi
197,85,336,6.1,ragi
142,83,352,7.7,ragi
165,97,293,6.2,ragi
161,94,256,7.9,ragi
118,57,261,7.4,ragi
154,90,262,7.8,ragi
123,91,289,6.2,ragi
148,77,265,6.3,ragi
146,77,368,7,ragi
179,61,309,5.9,ragi
183,82,363,5.9,ragi
152,81,315,6.8,ragi
116,69,349,6.6,ragi
172,62,288,7.6,ragi
149,96,316,7.7,ragi
196,84,265,6.6,ragi
118,97,369,7,ragi
115,53,280,5.8,ragi
177,81,323,5.9,ragi
116,97,240,7.5,ragi
198,64,240,7.2,ragi
132,94,311,6.5,ragi
169,76,338,7.7,ragi
191,80,255,6.8,ragi
129,52,253,5.6,ragi
185,70,240,6.6,ragi
179,64,274,7.4,ragi
117,71,365,5.7,ragi
114,70,348,7.3,ragi
112,80,245,7.4,ragi
124,93,364,7.7,ragi
182,87,350,7.1,ragi
167,54,305,6.5,ragi
137,91,342,7.1,ragi
138,68,300,7.7,ragi
175,54,357,7.3,ragi
192,50,322,7.4,ragi
187,66,263,7.2,ragi
196,62,355,6.1,ragi
175,74,263,7.6,ragi
113,79,239,7.9,ragi
136,52,338,7.7,ragi
141,71,264,7.9,ragi
129,65,320,6.9,ragi
144,63,246,5.9,ragi
148,97,365,5.8,ragi
165,97,264,6.2,ragi
178,93,343,6.6,ragi
197,79,259,6.1,ragi
141,76,263,7,ragi
130,54,131,5.2,ragi
141,33,161,4.9,ragi
132,68,213,5.8,ragi
169,35,219,5.7,ragi
103,35,69,5.6,potato
72,32,196,6,potato
177,42,171,5.7,potato
83,31,173,6,potato
165,57,53,5.1,potato
110,16,124,4.9,potato
118,46,191,5.8,potato
34,50,102,5.7,potato
88,25,207,5.1,potato
86,37,181,5,potato
54,77,172,5.2,potato
156,69,231,5.3,potato
136,52,224,5.1,potato
53,56,87,5.2,potato
114,61,243,5.5,potato
53,78,69,5.6,potato
41,36,58,4.7,potato
90,80,87,4.7,potato
57,43,175,4.9,potato
83,75,163,5.1,potato
100,22,155,4.9,potato
87,59,128,5.9,potato
67,80,136,5.3,potato
156,27,189,4.6,potato
167,22,94,5,potato
79,19,131,5.4,potato
87,17,198,5.2,potato
135,65,150,5.3,potato
171,18,158,5.7,potato
116,25,122,5.7,potato
165,46,91,5.1,potato
168,33,167,5.8,potato
156,69,69,5,potato
97,21,57,5.4,potato
143,79,137,4.8,potato
51,45,127,5.1,potato
116,28,106,5.2,potato
95,20,143,5.3,potato
115,42,171,5,potato
108,77,118,4.7,potato
87,32,197,5.3,potato
78,26,185,4.8,potato
37,76,110,5.5,potato
115,18,132,6,potato
149,37,247,4.6,potato
68,69,175,5,potato
178,57,230,5.5,potato
171,53,90,5.7,potato
62,52,133,5,potato
40,34,149,5.1,potato
135,59,206,4.8,potato
157,38,245,4.8,potato
88,59,250,5.8,potato
151,57,106,5.6,potato
34,35,157,5.6,potato
173,28,239,5.8,potato
172,34,170,4.9,potato
171,35,196,5.7,potato
131,38,121,5.4,potato
113,71,205,5.9,potato
85,75,236,5.5,potato
75,58,134,4.7,potato
52,38,57,5.1,potato
140,62,86,4.6,potato
171,21,250,4.9,potato
140,40,176,4.7,potato
85,24,209,5.4,potato
130,42,157,5.7,potato
164,60,145,5.4,potato
150,15,229,4.6,potato
128,15,239,4.8,potato
34,65,152,5.7,potato
108,33,92,5.5,potato
76,38,197,5,potato
167,67,231,5.1,potato
179,38,71,5.6,potato
155,70,163,5.5,potato
66,41,167,5.3,potato
55,40,114,5.5,potato
96,59,171,5.6,potato
144,71,138,4.8,potato
33,17,150,5.1,potato
39,19,207,4.7,potato
114,49,164,4.9,potato
81,19,58,5.2,potato
30,27,133,5.8,potato
154,28,205,4.8,potato
155,19,113,5.8,potato
171,57,129,5.6,potato
109,66,195,5.8,potato
151,68,145,5.6,potato
87,74,136,5.4,potato
139,27,197,5.5,potato
80,67,116,5.6,potato
102,17,58,5.6,potato
41,23,135,5,potato
49,45,90,5.8,potato
131,24,121,4.9,potato
131,55,130,5.3,potato
129,34,160,4.8,potato
90,42,43,6.5,rice
90,58,41,7,rice
90,55,44,7.8,rice
90,35,40,7,rice
90,42,42,7.6,rice
90,37,42,7.1,rice
90,55,38,5.7,rice
90,53,40,5.7,rice
90,54,38,6.7,rice
90,58,38,6.3,rice
90,53,40,5.4,rice
90,46,42,7.5,rice
90,58,44,5.1,rice
90,56,36,7,rice
90,50,37,6.9,rice
90,48,39,7,rice
90,38,41,6.2,rice
90,35,39,7,rice
90,38,36,6,rice
90,35,40,5.9,rice
89,45,36,6.4,rice
76,40,43,5.1,rice
67,59,41,6,rice
83,41,43,6.3,rice
98,47,37,7.4,rice
66,53,41,7.8,rice
97,59,43,6.3,rice
97,50,41,7.1,rice
60,49,44,6.2,rice
84,51,35,6,rice
73,57,41,5.8,rice
92,35,40,6.4,rice
85,37,39,6.4,rice
98,53,38,5,rice
88,54,44,6.1,rice
95,55,42,6,rice
99,57,35,6,rice
95,39,36,5.6,rice
60,43,44,7.4,rice
63,44,41,5.6,rice
62,42,36,6.4,rice
64,45,43,5.5,rice
83,60,36,6.9,rice
82,40,40,6.3,rice
85,52,45,7.2,rice
91,35,38,6.1,rice
76,49,42,5.2,rice
74,39,38,7.8,rice
79,43,39,7.1,rice
88,55,45,7.7,rice
60,36,43,5.3,rice
76,60,39,6.8,rice
93,56,42,7.4,rice
65,60,43,5.7,rice
95,52,36,5.5,rice
75,38,39,6.2,rice
74,54,38,7.1,rice
91,36,45,6,rice
71,46,40,7.2,rice
99,55,35,6.5,rice
72,40,38,7.6,rice
83,58,45,5.9,rice
93,58,38,6.9,rice
70,36,42,6.9,rice
76,47,42,5.7,rice
99,41,36,6.7,rice
99,54,37,5.6,rice
86,59,35,6.9,rice
69,46,41,5,rice
91,56,37,6.4,rice
61,52,41,6.9,rice
67,45,38,7.3,rice
79,42,37,6.6,rice
78,43,42,7.3,rice
75,54,36,7,rice
97,36,45,6.9,rice
67,47,44,7.9,rice
73,35,38,5,rice
77,36,37,6.1,rice
81,41,38,7.5,rice
68,57,43,5.7,rice
72,45,35,5.8,rice
61,53,43,6.3,rice
67,43,39,6,rice
67,58,39,5.5,rice
66,60,38,6.4,rice
82,43,38,5.1,rice
84,50,44,5.9,rice
81,53,42,5.2,rice
91,50,40,6.5,rice
93,53,38,7.1,rice
90,44,38,7.5,rice
81,45,35,6.2,rice
78,40,38,7.5,rice
60,51,36,6,rice
88,46,42,6.6,rice
93,47,37,6.5,rice
60,55,45,5.9,rice
78,35,44,7.1,rice
65,37,40,5.3,rice
71,54,16,5.7,maize
61,44,17,6.9,maize
80,43,16,6.7,maize
73,58,21,6.6,maize
61,38,20,6,maize
68,41,16,6.2,maize
93,41,17,6,maize
89,60,19,5.9,maize
76,44,17,5.9,maize
67,60,25,5.8,maize
70,44,19,5.9,maize
90,49,21,6.5,maize
62,52,16,7,maize
92,44,16,6.1,maize
66,54,21,5.9,maize
63,58,22,6.2,maize
70,47,17,6.6,maize
61,41,17,6,maize
66,53,19,6,maize
74,55,19,6.3,maize
77,57,21,6.6,maize
99,50,15,5.6,maize
74,56,22,6.8,maize
83,45,21,5.7,maize
100,48,16,5.5,maize
79,51,16,6.6,maize
94,39,18,5.9,maize
75,49,15,5.9,maize
78,48,22,5.6,maize
87,54,20,6.6,maize
87,35,25,6.2,maize
63,43,19,6.6,maize
84,57,25,6.5,maize
64,35,23,5.7,maize
60,46,22,6.6,maize
98,44,21,6.5,maize
75,56,18,5.7,maize
86,55,21,6.8,maize
98,35,18,6.3,maize
76,57,18,6.1,maize
99,56,17,6.2,maize
60,44,23,5.7,maize
74,48,17,6.4,maize
89,60,17,6,maize
69,51,23,6.8,maize
96,46,22,6.5,maize
61,60,15,6.3,maize
74,58,18,6.7,maize
74,43,23,6.3,maize
63,43,17,6.8,maize
99,36,20,6.7,maize
77,36,23,6.6,maize
87,60,23,6.4,maize
60,38,17,6.5,maize
94,54,17,5.9,maize
95,38,22,5.7,maize
84,44,21,5.9,maize
77,58,19,5.8,maize
66,44,20,6.7,maize
63,35,16,6.3,maize
79,45,20,5.7,maize
72,60,25,5.8,maize
67,51,24,5.6,maize
86,36,24,5.8,maize
76,48,18,5.8,maize
75,53,18,6.9,maize
81,45,23,6.2,maize
73,45,21,6.6,maize
71,35,24,5.8,maize
96,54,22,7,maize
99,39,18,6.1,maize
62,48,20,6.7,maize
86,37,16,5.6,maize
94,50,19,5.9,maize
76,39,24,7,maize
77,52,17,5.7,maize
74,39,23,6.8,maize
81,49,20,5.5,maize
63,42,21,5.8,maize
99,38,21,6.4,maize
90,52,25,6.8,maize
68,40,19,6.7,maize
60,57,24,6.1,maize
71,52,18,5.8,maize
61,59,17,6.5,maize
88,38,15,6.5,maize
65,60,22,6.6,maize
78,37,22,6.3,maize
78,58,15,6.5,maize
92,60,23,5.7,maize
79,59,17,6.6,maize
91,55,15,6.4,maize
76,51,18,6.2,maize
87,48,25,6.7,maize
71,60,22,6.2,maize
90,57,24,6.2,maize
67,35,22,6.4,maize
60,54,19,6.4,maize
83,58,23,6.4,maize
83,57,19,6.9,maize
40,72,77,7.5,chickpea
23,72,84,6.9,chickpea
39,58,85,6,chickpea
22,72,85,6.4,chickpea
36,67,77,7.2,chickpea
32,73,81,6,chickpea
58,70,84,6.2,chickpea
59,70,84,7.6,chickpea
42,62,75,7,chickpea
28,74,81,8.8,chickpea
58,66,79,8.7,chickpea
43,66,79,8,chickpea
58,63,81,6.5,chickpea
23,62,85,8.5,chickpea
27,62,77,6.6,chickpea
28,72,84,6.5,chickpea
50,56,76,8,chickpea
39,71,84,8.1,chickpea
25,78,76,7.2,chickpea
31,70,77,6.5,chickpea
26,80,83,7.5,chickpea
25,68,77,7.7,chickpea
31,78,76,8.5,chickpea
60,68,83,6.6,chickpea
59,62,83,8.1,chickpea
22,67,78,6.2,chickpea
36,65,80,6.1,chickpea
59,60,84,7.7,chickpea
54,77,85,7.8,chickpea
43,68,81,6.8,chickpea
28,76,82,6.7,chickpea
42,79,85,6.1,chickpea
32,60,83,8.8,chickpea
22,78,76,8.6,chickpea
31,79,75,8.2,chickpea
28,58,81,6.2,chickpea
57,58,77,8,chickpea
49,55,78,7.9,chickpea
46,76,77,7,chickpea
54,61,77,6.2,chickpea
38,60,76,8.9,chickpea
59,55,79,8.8,chickpea
36,76,75,8.7,chickpea
57,68,81,8.1,chickpea
35,66,81,6.1,chickpea
35,64,78,7.5,chickpea
52,60,79,8.4,chickpea
27,76,83,6.3,chickpea
57,60,84,6.6,chickpea
52,68,78,6.9,chickpea
43,79,79,7.8,chickpea
44,74,85,7.2,chickpea
24,55,78,6.6,chickpea
29,77,75,7.8,chickpea
20,60,78,6.4,chickpea
56,67,78,8.3,chickpea
37,66,85,6.5,chickpea
49,71,76,6.6,chickpea
59,69,80,8.2,chickpea
20,79,77,7.6,chickpea
24,56,85,6.5,chickpea
51,72,75,7.1,chickpea
57,73,85,7.4,chickpea
22,64,82,6.5,chickpea
52,73,79,7.8,chickpea
29,75,75,7.1,chickpea
44,59,78,7.6,chickpea
41,69,82,6.7,chickpea
52,56,85,6.8,chickpea
34,76,80,8,chickpea
42,74,83,7.5,chickpea
34,71,79,7.7,chickpea
27,73,79,7.4,chickpea
30,70,79,7.3,chickpea
57,57,75,7.8,chickpea
27,79,82,6.3,chickpea
32,71,85,6.4,chickpea
31,76,82,7.6,chickpea
33,75,84,7.2,chickpea
47,80,77,7.6,chickpea
54,62,80,7.5,chickpea
47,79,78,6.6,chickpea
35,57,83,7.5,chickpea
53,73,77,7.3,chickpea
45,61,78,6.5,chickpea
37,78,79,7.8,chickpea
30,75,81,6.4,chickpea
37,55,82,8.4,chickpea
53,65,76,8.7,chickpea
22,60,85,7.8,chickpea
60,61,78,6.3,chickpea
42,67,77,7.1,chickpea
39,76,76,8.1,chickpea
35,63,76,7.7,chickpea
30,65,82,7.1,chickpea
57,56,78,8.9,chickpea
48,65,78,7.9,chickpea
36,56,83,7.5,chickpea
40,58,75,7.2,chickpea
49,69,82,7.3,chickpea
13,60,25,5.7,kidneybeans
25,70,16,5.8,kidneybeans
31,55,22,5.9,kidneybeans
40,64,16,5.9,kidneybeans
2,61,20,6,kidneybeans
26,65,22,5.9,kidneybeans
17,57,21,5.8,kidneybeans
26,80,18,5.6,kidneybeans
17,59,17,5.7,kidneybeans
27,59,22,5.8,kidneybeans
28,58,24,5.7,kidneybeans
25,57,19,5.6,kidneybeans
28,80,17,5.8,kidneybeans
25,60,22,5.9,kidneybeans
12,78,23,6,kidneybeans
6,77,25,5.8,kidneybeans
22,79,17,5.9,kidneybeans
27,80,15,5.8,kidneybeans
10,55,23,5.7,kidneybeans
23,65,20,5.8,kidneybeans
19,78,16,6,kidneybeans
19,65,25,5.6,kidneybeans
22,70,19,5.5,kidneybeans
37,64,22,6,kidneybeans
11,71,17,5.7,kidneybeans
18,79,20,5.9,kidneybeans
21,63,17,6,kidneybeans
24,80,22,5.6,kidneybeans
34,60,22,5.6,kidneybeans
16,75,21,5.7,kidneybeans
17,77,23,5.7,kidneybeans
37,72,18,5.7,kidneybeans
40,73,20,5.8,kidneybeans
9,77,17,5.8,kidneybeans
1,62,23,5.6,kidneybeans
33,59,22,5.9,kidneybeans
23,59,19,5.9,kidneybeans
6,62,22,5.8,kidneybeans
25,63,20,5.5,kidneybeans
7,79,23,5.8,kidneybeans
8,72,17,5.7,kidneybeans
27,64,15,5.5,kidneybeans
28,66,23,6,kidneybeans
32,57,18,5.7,kidneybeans
27,56,22,5.8,kidneybeans
17,77,24,5.6,kidneybeans
0,65,15,5.6,kidneybeans
13,72,21,5.8,kidneybeans
34,60,23,5.7,kidneybeans
9,80,19,5.9,kidneybeans
11,72,20,6,kidneybeans
3,67,24,5.5,kidneybeans
35,69,23,5.6,kidneybeans
3,77,25,5.6,kidneybeans
23,62,19,5.6,kidneybeans
22,71,17,5.5,kidneybeans
31,79,25,5.9,kidneybeans
34,59,18,5.7,kidneybeans
12,63,17,5.7,kidneybeans
27,56,20,5.5,kidneybeans
7,63,24,5.9,kidneybeans
24,67,22,5.6,kidneybeans
11,71,24,5.6,kidneybeans
37,74,15,5.6,kidneybeans
25,76,24,5.6,kidneybeans
34,66,17,5.9,kidneybeans
20,69,15,5.9,kidneybeans
37,65,16,5.7,kidneybeans
18,74,15,5.7,kidneybeans
4,67,25,5.9,kidneybeans
37,56,25,5.8,kidneybeans
5,59,15,6,kidneybeans
11,61,21,5.5,kidneybeans
22,80,20,5.7,kidneybeans
12,61,19,5.7,kidneybeans
5,74,21,5.6,kidneybeans
27,69,22,5.9,kidneybeans
31,75,18,5.8,kidneybeans
36,68,20,5.9,kidneybeans
5,65,16,5.9,kidneybeans
32,79,15,5.7,kidneybeans
11,78,22,5.9,kidneybeans
0,55,22,5.9,kidneybeans
14,59,15,5.8,kidneybeans
29,68,23,5.8,kidneybeans
32,68,19,5.5,kidneybeans
17,64,17,5.7,kidneybeans
13,69,19,5.9,kidneybeans
14,67,22,5.6,kidneybeans
9,69,20,5.6,kidneybeans
20,73,22,6,kidneybeans
40,78,20,5.7,kidneybeans
27,72,23,6,kidneybeans
14,67,15,5.7,kidneybeans
7,56,18,5.7,kidneybeans
27,65,18,5.6,kidneybeans
30,63,16,5.5,kidneybeans
37,70,25,5.8,kidneybeans
27,63,19,5.6,kidneybeans
22,60,24,5.6,kidneybeans
3,72,24,6,pigeonpeas
40,59,23,5.3,pigeonpeas
33,73,23,6,pigeonpeas
27,57,24,6.1,pigeonpeas
10,79,18,5.6,pigeonpeas
30,75,25,6.4,pigeonpeas
40,70,20,5.6,pigeonpeas
38,55,19,5.9,pigeonpeas
35,58,20,5.8,pigeonpeas
38,61,21,4.7,pigeonpeas
33,58,24,5.3,pigeonpeas
16,56,17,7.4,pigeonpeas
31,72,17,5.8,pigeonpeas
16,80,20,7.3,pigeonpeas
27,72,17,6.3,pigeonpeas
40,62,19,4.7,pigeonpeas
18,58,16,5,pigeonpeas
3,68,16,5,pigeonpeas
26,67,24,5.6,pigeonpeas
16,70,20,5.6,pigeonpeas
24,63,19,4.7,pigeonpeas
9,76,25,5.7,pigeonpeas
16,55,19,6.4,pigeonpeas
28,75,21,6,pigeonpeas
16,71,24,4.9,pigeonpeas
24,70,21,5.5,pigeonpeas
38,72,21,5.9,pigeonpeas
9,66,21,5.7,pigeonpeas
34,56,17,4.5,pigeonpeas
1,76,19,6.7,pigeonpeas
6,69,19,4.8,pigeonpeas
26,73,21,4.9,pigeonpeas
27,61,18,5.3,pigeonpeas
27,71,23,7.1,pigeonpeas
36,61,21,5.6,pigeonpeas
17,73,18,5.6,pigeonpeas
26,72,22,4.7,pigeonpeas
17,64,16,7.2,pigeonpeas
14,74,19,6.6,pigeonpeas
39,60,15,5,pigeonpeas
6,66,15,6.3,pigeonpeas
8,59,18,6.2,pigeonpeas
2,67,18,5.9,pigeonpeas
1,76,17,6,pigeonpeas
16,73,19,4.7,pigeonpeas
23,75,25,7.1,pigeonpeas
32,70,20,6.2,pigeonpeas
28,59,22,7.1,pigeonpeas
5,62,23,4.7,pigeonpeas
36,67,25,6.4,pigeonpeas
1,66,23,4.8,pigeonpeas
24,73,20,4.6,pigeonpeas
17,67,18,5.6,pigeonpeas
5,55,18,7.3,pigeonpeas
5,56,24,5,pigeonpeas
37,77,17,5.6,pigeonpeas
13,73,20,5.4,pigeonpeas
6,63,23,5.9,pigeonpeas
16,77,22,6.6,pigeonpeas
25,64,20,4.8,pigeonpeas
34,75,24,4.8,pigeonpeas
20,77,23,5.2,pigeonpeas
35,80,25,4.9,pigeonpeas
14,75,24,6.4,pigeonpeas
36,80,21,7.1,pigeonpeas
7,77,18,6.7,pigeonpeas
29,78,25,6,pigeonpeas
30,60,21,5.5,pigeonpeas
20,74,16,4.8,pigeonpeas
19,57,23,7.3,pigeonpeas
3,60,19,4.8,pigeonpeas
5,77,19,6.2,pigeonpeas
5,68,20,5,pigeonpeas
37,73,21,5.6,pigeonpeas
9,59,24,4.7,pigeonpeas
20,72,15,7.3,pigeonpeas
31,56,23,5.7,pigeonpeas
0,70,21,4.7,pigeonpeas
21,74,15,6.5,pigeonpeas
13,67,18,5.4,pigeonpeas
27,74,20,5.9,pigeonpeas
29,72,24,7,pigeonpeas
5,68,20,6.1,pigeonpeas
39,57,19,6.4,pigeonpeas
22,62,16,4.8,pigeonpeas
18,55,23,7,pigeonpeas
39,77,21,4.6,pigeonpeas
13,75,20,7,pigeonpeas
27,71,24,7.1,pigeonpeas
26,64,22,5.2,pigeonpeas
23,55,16,5.1,pigeonpeas
4,69,19,5.4,pigeonpeas
20,67,19,5.7,pigeonpeas
7,74,17,5.7,pigeonpeas
17,64,18,6.1,pigeonpeas
35,71,17,6.9,pigeonpeas
11,72,22,6.8,pigeonpeas
20,60,22,6.9,pigeonpeas
10,71,18,6.2,pigeonpeas
33,61,24,4.6,pigeonpeas
3,49,18,3.7,mothbeans
22,59,23,4.4,mothbeans
36,58,25,8.4,mothbeans
4,43,18,8.8,mothbeans
29,54,16,8.2,mothbeans
32,43,22,5.3,mothbeans
14,55,15,8.1,mothbeans
5,35,20,9.7,mothbeans
25,57,24,7,mothbeans
11,53,24,7.4,mothbeans
40,49,17,6.7,mothbeans
38,56,25,7.9,mothbeans
27,43,23,5.9,mothbeans
24,38,22,8.2,mothbeans
23,45,21,9,mothbeans
29,57,20,5.9,mothbeans
31,35,23,7.7,mothbeans
0,55,25,4.5,mothbeans
7,45,22,9.9,mothbeans
17,58,25,6.5,mothbeans
11,44,17,8,mothbeans
22,49,22,3.7,mothbeans
9,51,19,5.5,mothbeans
28,48,15,9.3,mothbeans
26,50,19,6,mothbeans
36,56,20,7.4,mothbeans
8,60,18,3.8,mothbeans
24,37,21,5.8,mothbeans
22,43,24,4.5,mothbeans
36,43,24,3.5,mothbeans
22,44,24,6,mothbeans
17,43,22,5.5,mothbeans
8,45,15,4.6,mothbeans
7,56,23,5.5,mothbeans
36,57,16,8.3,mothbeans
11,45,19,3.8,mothbeans
6,36,22,8.9,mothbeans
17,57,20,3.8,mothbeans
4,47,20,4.2,mothbeans
9,49,16,7.7,mothbeans
25,51,24,9.4,mothbeans
36,44,21,4.5,mothbeans
21,38,20,5.8,mothbeans
37,57,20,7.4,mothbeans
32,48,18,6,mothbeans
29,44,20,8.6,mothbeans
25,51,18,9.5,mothbeans
10,44,24,8,mothbeans
23,35,18,5.4,mothbeans
9,60,23,6.3,mothbeans
3,58,21,9.2,mothbeans
22,42,22,7.9,mothbeans
12,39,21,8.2,mothbeans
39,36,22,9.1,mothbeans
32,41,16,7.7,mothbeans
30,41,15,5.9,mothbeans
19,36,22,6.2,mothbeans
4,46,15,3.5,mothbeans
21,39,20,7.4,mothbeans
35,57,25,8.3,mothbeans
22,55,24,8.7,mothbeans
35,51,17,3.6,mothbeans
17,56,17,6,mothbeans
28,57,17,9.4,mothbeans
22,36,16,8.2,mothbeans
11,41,19,5.1,mothbeans
38,38,18,6.3,mothbeans
23,37,24,8,mothbeans
25,35,20,8.9,mothbeans
40,45,20,6.9,mothbeans
23,58,19,5.2,mothbeans
2,56,23,7.6,mothbeans
3,56,17,8.7,mothbeans
26,51,25,7.8,mothbeans
39,42,20,8.1,mothbeans
27,59,20,4.4,mothbeans
24,45,19,6,mothbeans
7,40,17,8.5,mothbeans
15,45,23,7.2,mothbeans
26,52,23,4.9,mothbeans
20,45,16,4.6,mothbeans
34,54,24,5,mothbeans
19,51,25,3.5,mothbeans
29,41,21,8.9,mothbeans
20,50,22,9.4,mothbeans
11,40,23,5.8,mothbeans
15,54,15,8.4,mothbeans
35,55,22,8.6,mothbeans
9,59,25,7.7,mothbeans
40,45,18,5.3,mothbeans
35,38,19,9.1,mothbeans
14,58,17,4.6,mothbeans
40,55,18,7.1,mothbeans
18,36,23,7.2,mothbeans
35,52,15,9.9,mothbeans
4,59,22,8.9,mothbeans
22,51,16,8.6,mothbeans
33,47,17,8.6,mothbeans
2,51,17,5.8,mothbeans
16,51,21,3.5,mothbeans
19,55,20,7.2,mungbean
8,54,20,7,mungbean
36,55,20,6.6,mungbean
10,56,16,6.8,mungbean
22,56,17,6.9,mungbean
9,57,24,7.2,mungbean
34,59,23,6.9,mungbean
31,51,25,7.2,mungbean
0,49,18,7,mungbean
21,39,20,7.1,mungbean
28,35,22,7.2,mungbean
17,52,17,6.4,mungbean
24,42,23,6.4,mungbean
28,46,16,6.7,mungbean
21,38,21,6.6,mungbean
34,60,25,6.8,mungbean
19,53,22,6.9,mungbean
31,58,15,7.1,mungbean
19,35,24,6.9,mungbean
24,53,17,6.4,mungbean
13,47,20,6.5,mungbean
31,53,16,6.5,mungbean
28,45,23,6.5,mungbean
31,37,21,6.7,mungbean
33,60,15,6.5,mungbean
34,45,21,6.3,mungbean
13,57,25,6.9,mungbean
33,57,17,6.8,mungbean
32,57,22,6.8,mungbean
23,59,25,6.3,mungbean
35,41,18,6.7,mungbean
6,48,24,6.8,mungbean
29,36,25,7.1,mungbean
4,36,22,7,mungbean
10,59,22,7.2,mungbean
14,48,21,7,mungbean
8,50,21,6.2,mungbean
20,40,15,7.2,mungbean
36,43,22,6.4,mungbean
14,57,15,6.6,mungbean
11,60,23,7,mungbean
10,59,15,6.3,mungbean
7,60,25,6.4,mungbean
2,47,15,6.4,mungbean
20,45,22,6.9,mungbean
2,39,15,6.5,mungbean
27,40,24,7.1,mungbean
35,48,15,7,mungbean
4,59,25,6.2,mungbean
1,48,24,6.2,mungbean
36,43,21,7.1,mungbean
11,46,24,6.5,mungbean
34,47,19,6.6,mungbean
21,44,18,7.1,mungbean
17,58,20,6.4,mungbean
25,40,21,6.2,mungbean
2,38,18,6.6,mungbean
9,48,20,6.4,mungbean
37,49,25,6.4,mungbean
36,38,15,6.3,mungbean
40,58,15,7,mungbean
30,44,16,6.4,mungbean
1,59,23,7.2,mungbean
9,48,22,6.4,mungbean
14,41,17,7.1,mungbean
35,52,19,6.7,mungbean
31,48,17,6.6,mungbean
4,41,20,6.6,mungbean
30,37,25,7.1,mungbean
9,35,20,6.9,mungbean
20,41,20,7.1,mungbean
37,50,23,6.5,mungbean
34,35,21,6.7,mungbean
14,37,15,6.6,mungbean
23,39,22,6.9,mungbean
5,45,21,6.5,mungbean
22,37,20,6.6,mungbean
40,51,17,6.9,mungbean
27,56,20,6.4,mungbean
31,40,22,6.4,mungbean
38,36,21,6.6,mungbean
6,37,17,6.8,mungbean
6,47,18,6.7,mungbean
24,44,17,6.7,mungbean
25,59,19,6.6,mungbean
32,56,21,6.7,mungbean
8,45,18,7,mungbean
19,39,17,6.9,mungbean
39,37,15,6.8,mungbean
33,37,19,7.2,mungbean
26,54,17,6.3,mungbean
21,51,15,6.7,mungbean
22,54,20,6.7,mungbean
29,45,16,6.6,mungbean
4,40,21,6.7,mungbean
10,37,22,7.1,mungbean
4,44,19,6.9,mungbean
20,45,17,6.8,mungbean
23,45,23,7,mungbean
25,48,21,6.3,mungbean
56,79,15,7.5,blackgram
25,62,21,7,blackgram
42,61,22,7.4,blackgram
42,73,25,6.5,blackgram
44,58,18,6.8,blackgram
50,55,16,7.6,blackgram
35,72,21,7.7,blackgram
30,64,20,6.6,blackgram
27,64,21,7.5,blackgram
50,74,17,6.5,blackgram
39,73,24,7.2,blackgram
57,67,25,7.6,blackgram
52,63,19,6.9,blackgram
55,66,22,7.7,blackgram
51,56,18,6.7,blackgram
36,66,15,6.7,blackgram
59,55,19,7.3,blackgram
50,58,23,7.6,blackgram
30,65,25,7.7,blackgram
20,62,18,7.4,blackgram
58,71,15,6.9,blackgram
25,71,24,7.2,blackgram
52,71,16,7.1,blackgram
40,63,18,6.7,blackgram
20,60,25,6.7,blackgram
48,61,21,6.6,blackgram
49,68,22,7.1,blackgram
48,62,15,7.5,blackgram
32,66,17,7.2,blackgram
21,63,22,6.9,blackgram
20,72,19,7.4,blackgram
25,65,21,6.9,blackgram
41,78,21,6.6,blackgram
53,67,17,7.3,blackgram
39,60,21,7,blackgram
25,76,17,7.2,blackgram
21,78,19,6.9,blackgram
57,60,17,7.5,blackgram
56,75,15,7.2,blackgram
49,72,15,7.1,blackgram
24,80,19,6.8,blackgram
49,76,18,7.4,blackgram
28,68,19,7.7,blackgram
55,78,21,6.6,blackgram
50,64,25,6.7,blackgram
34,80,19,6.5,blackgram
20,68,23,7.7,blackgram
55,67,16,6.6,blackgram
23,70,15,7.4,blackgram
53,74,15,7.5,blackgram
26,67,16,7.2,blackgram
33,80,22,6.6,blackgram
37,79,19,7.1,blackgram
33,75,21,6.7,blackgram
22,55,20,7.4,blackgram
20,68,17,6.6,blackgram
43,68,20,7.5,blackgram
44,76,22,7.8,blackgram
34,60,16,7.3,blackgram
21,72,17,7.6,blackgram
25,68,19,7.1,blackgram
41,62,15,7.4,blackgram
28,65,23,7.4,blackgram
35,64,15,6.5,blackgram
52,58,16,7.2,blackgram
58,75,25,7.3,blackgram
34,66,19,7.6,blackgram
52,70,16,7.5,blackgram
23,57,19,7.3,blackgram
42,58,25,6.5,blackgram
37,62,17,7.1,blackgram
44,75,22,7.6,blackgram
21,80,20,7.4,blackgram
56,76,16,7.5,blackgram
29,76,15,7,blackgram
43,61,20,6.8,blackgram
55,60,15,7.2,blackgram
44,63,15,7.3,blackgram
29,67,21,6.6,blackgram
47,63,16,6.7,blackgram
40,68,17,7.7,blackgram
58,61,15,7.4,blackgram
41,74,18,6.6,blackgram
58,79,17,7,blackgram
27,62,24,7.4,blackgram
27,60,17,7,blackgram
52,65,20,6.8,blackgram
44,55,25,7.4,blackgram
21,62,24,6.8,blackgram
60,59,22,7.2,blackgram
33,77,21,7,blackgram
59,58,17,7.4,blackgram
29,63,17,7.3,blackgram
59,63,18,6.5,blackgram
29,70,15,6.9,blackgram
58,73,16,6.9,blackgram
55,77,22,7.8,blackgram
42,79,23,6.8,blackgram
44,77,21,7.3,blackgram
38,62,25,7.5,blackgram
32,76,15,7.6,lentil
13,61,22,7.7,lentil
38,60,20,7.5,lentil
11,74,17,6.6,lentil
37,71,16,7.3,lentil
29,71,18,6.4,lentil
2,72,18,7.8,lentil
6,59,21,6.1,lentil
13,64,20,6.6,lentil
8,58,17,7.3,lentil
6,77,20,6.1,lentil
2,75,22,6.7,lentil
3,69,23,7.3,lentil
27,80,24,7.8,lentil
39,78,15,5.9,lentil
40,79,17,6.4,lentil
37,62,22,7.4,lentil
31,60,24,7.7,lentil
22,67,22,7.5,lentil
3,78,18,6.9,lentil
4,80,16,7.4,lentil
13,61,24,7.6,lentil
12,66,20,7.3,lentil
4,61,21,6.8,lentil
9,60,21,7.5,lentil
18,66,22,6.3,lentil
32,56,18,7.1,lentil
6,72,15,7.7,lentil
15,77,20,7.4,lentil
0,65,24,7.8,lentil
30,79,22,6.3,lentil
3,63,16,6.9,lentil
2,78,23,7.3,lentil
10,78,18,6.3,lentil
14,67,25,7.2,lentil
39,65,23,7.7,lentil
19,72,15,6.9,lentil
18,57,21,6.2,lentil
31,58,15,6.2,lentil
28,58,25,6.9,lentil
5,65,19,7,lentil
16,65,19,7,lentil
34,65,19,5.9,lentil
14,69,19,7.2,lentil
22,55,16,6.5,lentil
24,61,17,6.2,lentil
2,79,15,7.5,lentil
26,63,17,7,lentil
27,61,15,7,lentil
24,70,16,6.5,lentil
13,74,25,6.5,lentil
6,64,23,7.1,lentil
12,58,23,6.8,lentil
32,79,22,5.9,lentil
6,68,18,6.7,lentil
10,79,20,6.4,lentil
38,77,22,6.3,lentil
17,74,17,7.4,lentil
26,68,24,7.5,lentil
23,75,17,7.2,lentil
32,78,22,7,lentil
19,79,19,6.7,lentil
22,60,18,6.7,lentil
28,69,16,6.5,lentil
1,67,21,6.6,lentil
12,67,23,6.6,lentil
36,67,20,6.9,lentil
28,70,21,7.4,lentil
12,71,19,7.1,lentil
22,68,16,7.7,lentil
26,66,22,6.3,lentil
16,65,16,6.1,lentil
14,59,22,6.8,lentil
33,59,19,7.6,lentil
21,63,17,6.6,lentil
0,69,21,7.1,lentil
10,75,17,7.7,lentil
30,61,18,6.2,lentil
0,74,17,7.2,lentil
35,74,22,6.9,lentil
7,63,24,6.8,lentil
9,56,17,6.3,lentil
14,74,15,6.5,lentil
14,76,20,7,lentil
36,65,16,7.7,lentil
28,67,21,6.3,lentil
28,79,16,6.1,lentil
40,61,22,7,lentil
10,70,19,7.3,lentil
12,80,19,6,lentil
37,77,20,7.1,lentil
0,67,22,6.6,lentil
7,73,25,7.3,lentil
10,56,18,7.3,lentil
39,70,15,6.4,lentil
26,56,22,7,lentil
9,77,17,6.3,lentil
4,59,19,7.6,lentil
34,73,15,7.6,lentil
33,77,15,7.8,lentil
91,94,46,6.1,banana
105,95,50,5.8,banana
108,92,53,6.3,banana
86,76,54,5.9,banana
80,77,49,5.5,banana
93,94,53,6.1,banana
90,92,55,6.1,banana
108,89,53,5.8,banana
108,88,55,5.9,banana
105,77,52,5.8,banana
118,88,52,5.8,banana
101,87,54,6.4,banana
95,75,50,5.6,banana
106,85,53,5.9,banana
86,95,49,6.5,banana
83,79,55,5.6,banana
85,95,47,6.2,banana
109,79,45,6.5,banana
100,76,45,5.6,banana
117,86,48,6.2,banana
114,94,53,6.2,banana
110,78,50,5.9,banana
94,70,48,6.2,banana
80,71,47,6.2,banana
114,79,51,6.3,banana
88,78,45,6.3,banana
112,73,48,5.7,banana
117,76,47,6.1,banana
111,87,48,5.6,banana
89,83,47,5.6,banana
93,91,47,6.1,banana
92,81,52,6.4,banana
105,74,45,6.1,banana
102,71,48,5.7,banana
94,91,51,5.6,banana
116,71,47,6.4,banana
117,79,49,6.2,banana
119,72,55,6.2,banana
99,73,53,5.9,banana
91,84,52,6.4,banana
80,90,47,6.2,banana
101,70,48,6,banana
108,89,53,5.9,banana
100,80,52,6,banana
109,91,53,6,banana
82,78,46,5.7,banana
106,70,55,5.7,banana
90,86,52,5.8,banana
83,95,50,5.5,banana
119,90,48,6,banana
107,72,45,5.8,banana
116,81,55,5.9,banana
101,75,50,6.2,banana
93,81,50,6,banana
95,75,45,5.8,banana
107,71,55,6.1,banana
83,94,47,6.5,banana
102,73,54,5.7,banana
86,79,45,5.8,banana
117,86,53,5.7,banana
111,79,53,6.2,banana
95,74,50,6,banana
91,75,55,6.2,banana
93,83,46,5.8,banana
92,85,51,5.7,banana
104,80,54,5.9,banana
103,72,51,6.1,banana
92,75,45,5.7,banana
93,85,49,5.7,banana
120,87,52,5.9,banana
108,72,46,6.1,banana
105,88,54,6,banana
98,79,50,6.4,banana
111,88,55,5.5,banana
97,74,45,5.7,banana
95,82,48,5.7,banana
89,91,55,6.3,banana
89,85,55,6.3,banana
118,88,51,6.2,banana
101,92,45,5.8,banana
99,92,47,6.3,banana
82,77,46,5.9,banana
90,86,55,5.6,banana
95,88,52,6.2,banana
104,73,46,6.3,banana
102,73,52,6.4,banana
100,74,52,5.8,banana
94,89,48,5.7,banana
99,70,46,5.7,banana
112,87,48,6.2,banana
117,82,45,5.6,banana
96,86,51,6.3,banana
113,85,45,6,banana
105,93,46,5.8,banana
85,89,51,6.2,banana
108,94,47,6.4,banana
92,81,52,5.9,banana
110,71,54,5.7,banana
82,75,55,6.3,banana
117,81,53,5.5,banana
119,25,51,6.3,watermelon
119,19,55,6.8,watermelon
105,30,50,6.4,watermelon
114,8,50,6.6,watermelon
93,22,52,6.9,watermelon
80,26,55,6.1,watermelon
85,27,45,6.5,watermelon
85,22,53,6.8,watermelon
82,22,45,6.5,watermelon
118,13,54,6,watermelon
83,25,53,6.1,watermelon
86,15,47,6.4,watermelon
101,10,47,6.9,watermelon
119,9,50,6.3,watermelon
104,17,46,6.2,watermelon
95,12,51,6.7,watermelon
102,14,52,6.5,watermelon
109,21,55,6.8,watermelon
81,18,50,6.4,watermelon
103,17,51,6.2,watermelon
105,14,50,6.4,watermelon
97,8,52,6.2,watermelon
120,19,49,6.8,watermelon
95,16,55,6.6,watermelon
83,29,52,6.7,watermelon
83,9,45,6,watermelon
91,21,50,6.8,watermelon
116,5,54,6.7,watermelon
112,28,54,6.7,watermelon
88,29,51,6.1,watermelon
118,15,45,6.5,watermelon
92,21,48,6.4,watermelon
106,14,45,6.4,watermelon
99,5,47,6.6,watermelon
98,8,51,6.3,watermelon
108,22,46,6.1,watermelon
119,7,55,6,watermelon
117,27,48,6.8,watermelon
109,10,53,6.6,watermelon
80,16,46,6.9,watermelon
100,18,52,6.9,watermelon
91,7,53,6.5,watermelon
86,6,53,6.9,watermelon
107,5,52,6.9,watermelon
103,16,49,6.9,watermelon
101,20,48,6.2,watermelon
85,25,47,6.3,watermelon
84,7,51,6.4,watermelon
102,28,54,6.9,watermelon
98,25,52,6.2,watermelon
97,25,50,6.1,watermelon
90,16,45,6.3,watermelon
95,12,46,6.3,watermelon
82,23,49,6.9,watermelon
82,25,51,6.1,watermelon
110,28,46,6.5,watermelon
118,21,51,6.7,watermelon
120,20,45,6.1,watermelon
91,7,52,6.4,watermelon
81,6,55,6.1,watermelon
101,13,54,6.8,watermelon
101,17,55,6.5,watermelon
111,6,53,6.3,watermelon
107,10,49,6.8,watermelon
115,11,46,6.6,watermelon
84,25,52,6.1,watermelon
120,7,47,6.7,watermelon
91,12,46,6.3,watermelon
89,22,52,6.2,watermelon
113,19,46,6.3,watermelon
97,22,50,6.8,watermelon
117,30,50,6.7,watermelon
90,14,52,6.4,watermelon
104,23,47,6.8,watermelon
81,16,45,6.7,watermelon
88,5,47,6.7,watermelon
92,7,45,6.9,watermelon
81,18,50,6.5,watermelon
111,5,55,6.5,watermelon
108,23,51,6.1,watermelon
113,30,50,6.3,watermelon
83,10,53,6.2,watermelon
101,11,51,6.8,watermelon
114,21,55,6.5,watermelon
99,6,45,6,watermelon
92,20,55,6.6,watermelon
92,7,48,7,watermelon
91,24,55,6.3,watermelon
110,21,54,6.7,watermelon
112,25,51,6.9,watermelon
89,25,54,6.4,watermelon
100,10,53,6.2,watermelon
83,22,54,6.3,watermelon
95,14,50,6.6,watermelon
119,30,49,6.9,watermelon
97,12,47,6.8,watermelon
110,7,45,6.2,watermelon
96,18,50,6.9,watermelon
83,23,55,6.5,watermelon
120,24,47,6.3,watermelon
115,17,55,6.8,muskmelon
114,27,48,6.5,muskmelon
101,25,52,6.8,muskmelon
118,18,52,6.6,muskmelon
95,26,45,6.1,muskmelon
81,25,49,6.1,muskmelon
117,24,53,6.3,muskmelon
114,30,51,6.1,muskmelon
113,6,52,6.7,muskmelon
108,26,52,6.2,muskmelon
81,30,48,6,muskmelon
115,9,52,6,muskmelon
83,7,45,6.7,muskmelon
84,21,55,6.5,muskmelon
109,26,45,6.2,muskmelon
95,27,55,6.2,muskmelon
119,5,55,6.2,muskmelon
110,14,51,6.1,muskmelon
82,18,48,6.2,muskmelon
87,14,48,6.6,muskmelon
85,9,53,6.4,muskmelon
100,6,53,6.1,muskmelon
107,12,46,6.6,muskmelon
91,13,47,6.1,muskmelon
102,25,50,6.1,muskmelon
117,25,53,6.4,muskmelon
85,21,52,6.1,muskmelon
104,25,55,6.1,muskmelon
102,24,54,6.7,muskmelon
116,25,50,6.1,muskmelon
100,17,48,6.4,muskmelon
110,25,54,6.4,muskmelon
104,25,51,6.5,muskmelon
107,11,54,6.1,muskmelon
98,26,52,6.2,muskmelon
88,17,52,6.6,muskmelon
87,25,46,6.4,muskmelon
120,8,46,6.7,muskmelon
95,13,46,6.1,muskmelon
108,22,47,6.2,muskmelon
82,13,52,6.4,muskmelon
120,23,55,6.7,muskmelon
110,22,47,6.2,muskmelon
95,23,45,6.3,muskmelon
106,10,49,6.4,muskmelon
99,12,52,6,muskmelon
106,20,51,6.3,muskmelon
83,11,53,6.2,muskmelon
117,19,55,6.1,muskmelon
98,26,49,6.1,muskmelon
113,20,48,6.4,muskmelon
101,17,47,6.2,muskmelon
98,7,45,6.2,muskmelon
93,22,48,6.8,muskmelon
95,21,47,6.4,muskmelon
109,12,48,6.7,muskmelon
118,12,47,6,muskmelon
100,14,49,6.4,muskmelon
89,9,47,6.7,muskmelon
95,16,46,6.7,muskmelon
95,7,45,6,muskmelon
87,6,45,6.4,muskmelon
93,20,50,6.4,muskmelon
84,29,49,6.3,muskmelon
111,5,47,6.3,muskmelon
111,5,52,6.1,muskmelon
111,15,54,6.2,muskmelon
89,11,47,6.3,muskmelon
110,15,48,6.2,muskmelon
95,30,52,6.6,muskmelon
115,12,52,6.7,muskmelon
120,25,50,6.3,muskmelon
102,11,45,6.4,muskmelon
94,5,55,6.1,muskmelon
84,18,46,6.8,muskmelon
107,22,54,6.6,muskmelon
80,18,52,6.5,muskmelon
86,18,45,6.6,muskmelon
113,28,48,6.2,muskmelon
115,18,53,6,muskmelon
82,20,54,6.5,muskmelon
98,22,47,6.3,muskmelon
117,25,54,6.2,muskmelon
83,15,49,6.4,muskmelon
120,16,51,6.5,muskmelon
111,5,50,6.4,muskmelon
85,21,47,6.2,muskmelon
90,23,54,6.2,muskmelon
99,29,55,6.7,muskmelon
102,11,47,6.5,muskmelon
80,18,51,6.7,muskmelon
87,21,52,6.1,muskmelon
114,8,52,6.4,muskmelon
99,6,46,6.4,muskmelon
89,25,50,6.4,muskmelon
96,13,55,6.7,muskmelon
82,26,47,6.6,muskmelon
106,21,52,6.3,muskmelon
90,15,52,6.4,muskmelon
106,16,54,6.6,muskmelon
24,128,196,5.5,apple
7,144,197,6.1,apple
14,128,205,6.2,apple
8,120,201,6.3,apple
20,129,201,5.6,apple
32,137,204,5.8,apple
27,139,205,5.8,apple
0,123,205,5.8,apple
22,144,196,6.5,apple
1,124,199,5.7,apple
30,122,197,5.6,apple
29,121,196,6.1,apple
13,126,204,6.4,apple
9,139,199,5.9,apple
0,133,200,5.7,apple
30,143,199,5.8,apple
36,140,198,6.3,apple
37,137,199,5.7,apple
33,121,203,5.6,apple
7,144,195,5.9,apple
35,128,205,6,apple
29,128,198,5.7,apple
2,143,196,5.7,apple
34,140,198,5.8,apple
29,144,204,5.8,apple
32,141,203,5.8,apple
13,144,197,6.3,apple
25,143,198,6,apple
9,137,200,5.6,apple
6,144,198,5.6,apple
37,126,196,5.6,apple
2,120,203,5.9,apple
11,143,197,5.9,apple
10,141,201,6.4,apple
24,142,202,5.7,apple
23,138,195,5.8,apple
18,125,204,6,apple
13,121,196,6.4,apple
26,122,202,5.6,apple
28,123,202,6.4,apple
26,121,201,6.2,apple
21,137,196,5.8,apple
21,135,198,5.8,apple
5,144,205,6.2,apple
2,123,205,5.7,apple
15,133,199,5.8,apple
31,130,198,5.6,apple
25,143,200,6,apple
16,143,204,5.6,apple
19,122,202,5.8,apple
10,125,196,5.7,apple
20,139,202,5.7,apple
28,123,198,5.7,apple
28,136,200,6.2,apple
2,131,199,6,apple
2,140,197,5.5,apple
27,138,201,6,apple
30,127,204,6.1,apple
32,145,203,6.4,apple
29,139,205,6.2,apple
26,126,195,5.9,apple
40,136,202,5.9,apple
6,124,200,6,apple
35,138,200,5.7,apple
17,136,196,5.9,apple
33,134,205,6.1,apple
16,143,197,5.9,apple
27,120,200,6.1,apple
29,145,205,6.2,apple
3,141,197,6.1,apple
15,123,204,6.4,apple
5,136,195,6.3,apple
10,136,204,6.3,apple
7,141,195,5.5,apple
2,129,201,5.7,apple
29,138,197,5.8,apple
30,137,200,5.6,apple
29,132,204,6.1,apple
14,139,197,6.1,apple
18,125,203,6.2,apple
33,143,204,5.8,apple
40,144,196,6,apple
9,143,197,5.6,apple
38,135,203,6,apple
28,130,196,6.1,apple
35,142,203,5.9,apple
12,129,205,6.1,apple
1,135,203,5.6,apple
0,145,205,5.5,apple
31,121,201,5.7,apple
35,131,203,5.9,apple
29,140,195,5.6,apple
33,138,198,6.2,apple
14,140,197,6.1,apple
35,145,195,6.2,apple
40,120,197,5.9,apple
25,132,198,5.7,apple
31,137,196,6.4,apple
36,144,196,6.5,apple
10,140,197,6.2,apple
22,30,12,6.4,orange
37,6,13,7.5,orange
27,13,6,7.3,orange
7,16,9,7.8,orange
20,7,9,7.1,orange
26,27,10,6.1,orange
5,23,15,7.4,orange
0,18,14,7.2,orange
39,24,14,7.2,orange
13,23,6,7.4,orange
21,17,15,7.5,orange
33,12,8,6.8,orange
6,9,12,7,orange
19,7,10,6.1,orange
24,18,6,6.3,orange
9,11,8,6.6,orange
31,8,7,7.2,orange
22,17,5,6.9,orange
13,5,8,7.5,orange
16,8,9,7.6,orange
4,13,6,7.6,orange
0,25,14,6.4,orange
8,7,10,6.9,orange
4,23,5,7.5,orange
33,14,8,7.7,orange
30,7,15,7.8,orange
21,29,12,6.4,orange
11,14,5,6.9,orange
9,8,15,8,orange
5,18,14,7.4,orange
29,25,14,7.8,orange
33,12,15,6.1,orange
8,16,6,7.1,orange
15,14,8,6.2,orange
16,7,8,6.4,orange
0,12,7,7,orange
5,25,6,6,orange
6,8,11,6.6,orange
10,5,5,7.8,orange
1,17,6,6.8,orange
1,30,10,7.3,orange
0,23,15,7.6,orange
24,27,9,6.2,orange
36,11,13,7.2,orange
40,21,8,7.4,orange
40,22,6,6.5,orange
32,18,13,6,orange
9,10,10,6,orange
13,16,8,6.9,orange
15,9,11,7.9,orange
29,11,5,7.6,orange
1,15,9,7.5,orange
18,5,11,6.3,orange
14,22,9,6.5,orange
33,15,7,7.7,orange
4,6,7,6.7,orange
17,16,14,6.6,orange
12,20,10,6.5,orange
34,29,8,6.5,orange
39,28,10,7.2,orange
31,25,12,7,orange
12,6,8,6.4,orange
12,29,13,7.6,orange
26,11,11,7.6,orange
19,24,15,7.1,orange
39,21,9,6.4,orange
16,29,13,6.2,orange
36,29,13,7.8,orange
37,23,12,6.4,orange
39,9,15,8,orange
31,5,14,6.6,orange
18,12,8,6.2,orange
20,20,10,7,orange
5,8,5,6.6,orange
20,8,12,7.3,orange
25,21,11,6.5,orange
14,19,14,6.7,orange
37,18,12,7.4,orange
26,15,6,6.9,orange
13,22,5,7.8,orange
32,25,9,7.8,orange
19,7,9,7,orange
28,7,9,6.7,orange
24,30,11,6.6,orange
7,17,10,6.5,orange
18,23,8,6.4,orange
7,20,12,6.5,orange
20,23,11,6.4,orange
18,14,11,6.6,orange
34,11,10,7.4,orange
20,29,10,7.4,orange
37,24,13,7.9,orange
12,8,10,8,orange
34,10,14,6.7,orange
6,13,9,7.8,orange
27,30,5,7.7,orange
13,8,12,7.1,orange
6,7,7,7.2,orange
40,17,15,7.9,orange
31,26,9,7.6,orange
61,68,50,6.8,papaya
58,46,45,6.6,papaya
45,47,55,6.8,papaya
39,65,53,6.6,papaya
31,68,45,6.9,papaya
70,68,45,7,papaya
68,62,50,7,papaya
34,65,47,6.8,papaya
38,68,54,6.7,papaya
69,64,47,7,papaya
58,51,47,6.8,papaya
59,47,53,6.9,papaya
44,64,54,6.7,papaya
56,57,48,6.5,papaya
69,60,54,7,papaya
56,58,49,6.7,papaya
49,55,53,6.5,papaya
38,51,52,6.9,papaya
54,65,47,6.7,papaya
57,57,51,7,papaya
39,52,53,6.7,papaya
58,67,45,6.7,papaya
61,64,52,6.6,papaya
34,62,55,6.6,papaya
31,48,45,6.6,papaya
47,46,52,6.5,papaya
32,68,52,6.8,papaya
36,59,46,6.7,papaya
61,51,51,6.6,papaya
70,54,46,6.9,papaya
44,56,49,6.5,papaya
34,68,51,6.7,papaya
50,59,47,6.7,papaya
39,70,52,6.7,papaya
34,61,49,6.5,papaya
44,60,55,6.8,papaya
31,62,52,7,papaya
65,62,51,6.5,papaya
44,57,53,6.9,papaya
50,47,48,6.7,papaya
43,50,48,6.6,papaya
60,46,53,6.8,papaya
70,68,55,6.7,papaya
59,62,52,6.6,papaya
60,58,51,6.8,papaya
42,60,47,6.8,papaya
35,66,47,7,papaya
34,65,48,6.7,papaya
36,54,46,6.7,papaya
39,64,52,6.7,papaya
37,52,47,6.5,papaya
33,47,46,6.8,papaya
34,48,48,6.8,papaya
49,54,50,6.8,papaya
40,65,49,6.7,papaya
68,52,49,6.6,papaya
50,46,52,6.7,papaya
65,63,50,6.5,papaya
40,49,47,6.5,papaya
42,53,48,6.8,papaya
49,55,51,6.7,papaya
59,62,49,6.9,papaya
63,58,47,6.9,papaya
70,65,52,6.6,papaya
63,50,52,6.8,papaya
40,64,47,6.9,papaya
63,58,50,6.7,papaya
45,58,49,6.8,papaya
66,69,47,6.9,papaya
54,67,52,6.6,papaya
69,67,52,6.8,papaya
67,68,49,6.8,papaya
45,57,47,6.7,papaya
56,50,52,6.8,papaya
70,50,53,6.9,papaya
44,47,45,6.6,papaya
50,60,47,6.9,papaya
52,51,53,7,papaya
35,68,45,6.6,papaya
68,69,52,6.8,papaya
32,55,52,7,papaya
32,55,51,6.6,papaya
48,62,47,6.8,papaya
39,69,53,7,papaya
49,61,45,6.8,papaya
48,57,54,6.6,papaya
69,66,49,6.5,papaya
53,55,55,6.7,papaya
38,61,52,6.6,papaya
57,64,55,6.6,papaya
51,57,55,6.7,papaya
56,65,45,6.8,papaya
54,66,52,6.9,papaya
58,55,47,6.7,papaya
68,70,54,7,papaya
42,59,55,7,papaya
43,64,47,6.8,papaya
35,67,49,6.6,papaya
56,59,55,6.6,papaya
39,64,53,6.6,papaya
18,30,29,6.4,coconut
37,23,28,5.7,coconut
13,28,33,5.7,coconut
2,21,35,6.3,coconut
10,18,35,6.4,coconut
7,11,32,5.5,coconut
39,5,31,5.6,coconut
34,6,27,5.9,coconut
31,30,29,5.6,coconut
25,7,35,5.6,coconut
16,18,26,5.6,coconut
26,10,33,6.1,coconut
27,8,32,5.6,coconut
37,18,30,6.4,coconut
19,15,34,5.7,coconut
0,19,33,6.2,coconut
31,20,26,6.4,coconut
9,17,32,5.8,coconut
22,11,29,6,coconut
31,6,26,5.7,coconut
34,6,30,5.9,coconut
24,6,32,6.4,coconut
1,8,26,5.6,coconut
31,13,33,5.9,coconut
10,9,28,6.3,coconut
36,27,26,6.3,coconut
38,24,33,6,coconut
11,6,25,6.1,coconut
16,14,30,6.4,coconut
33,14,35,6,coconut
16,6,29,5.9,coconut
32,11,31,6.2,coconut
38,14,30,5.6,coconut
8,6,33,6.1,coconut
23,6,33,6,coconut
29,25,35,5.5,coconut
24,14,33,6.4,coconut
32,12,30,5.6,coconut
30,25,31,5.8,coconut
14,21,35,6.1,coconut
27,22,29,6,coconut
40,5,29,5.8,coconut
17,11,32,5.6,coconut
30,30,35,6,coconut
28,10,30,6.3,coconut
39,7,29,6.4,coconut
32,20,35,5.6,coconut
7,15,32,6.2,coconut
29,17,29,6,coconut
34,15,34,5.7,coconut
14,23,25,5.6,coconut
18,19,29,6.2,coconut
7,21,35,5.8,coconut
24,27,34,6.2,coconut
39,29,29,6.1,coconut
29,8,28,6.1,coconut
10,24,27,5.7,coconut
0,29,32,5.9,coconut
32,11,31,6.5,coconut
37,10,32,6.2,coconut
20,29,27,6,coconut
31,29,35,6.1,coconut
17,30,27,5.9,coconut
1,12,30,5.6,coconut
6,13,29,5.8,coconut
15,28,32,6.2,coconut
27,24,29,6.1,coconut
3,23,30,6.1,coconut
8,26,26,5.7,coconut
20,28,26,5.5,coconut
26,18,27,5.8,coconut
1,6,35,6.2,coconut
27,30,31,5.7,coconut
23,7,34,5.9,coconut
0,26,31,5.5,coconut
38,6,25,6.2,coconut
25,12,26,6.4,coconut
40,5,32,6,coconut
0,19,31,6.3,coconut
26,9,32,6.5,coconut
35,30,34,6.1,coconut
19,30,30,5.8,coconut
31,13,33,6.3,coconut
17,29,26,6.1,coconut
2,30,30,6.3,coconut
30,13,25,6.4,coconut
8,15,33,5.5,coconut
18,12,35,6.3,coconut
8,28,30,6,coconut
40,22,29,5.7,coconut
27,10,33,6.5,coconut
21,20,31,5.9,coconut
3,9,35,6.3,coconut
22,16,27,6,coconut
27,8,30,6,coconut
22,8,33,5.7,coconut
28,27,32,5.8,coconut
23,21,26,5.9,coconut
37,5,34,5.8,coconut
19,26,29,5.7,coconut
133,47,24,7.2,cotton
136,36,20,6.9,cotton
104,47,18,7.6,cotton
133,47,23,6.8,cotton
126,38,23,6.2,cotton
126,50,19,6.6,cotton
113,41,20,7.3,cotton
121,45,22,6.4,cotton
121,47,16,7.7,cotton
129,60,22,5.9,cotton
107,45,25,7.2,cotton
122,59,18,6.2,cotton
140,38,15,6,cotton
102,49,21,6.3,cotton
111,40,25,6.2,cotton
131,35,18,7.1,cotton
135,43,16,6.7,cotton
100,46,18,6.4,cotton
123,39,24,7.5,cotton
117,56,15,7.4,cotton
121,36,24,7.4,cotton
101,58,18,6.7,cotton
107,42,24,6.1,cotton
100,41,22,7.3,cotton
125,39,21,8,cotton
105,60,23,6.2,cotton
102,46,19,6.6,cotton
131,49,22,7.3,cotton
139,35,15,5.9,cotton
108,36,19,7.2,cotton
118,45,23,8,cotton
107,51,22,6,cotton
125,60,17,6.8,cotton
113,37,20,7.4,cotton
131,52,16,6.5,cotton
115,48,16,7.2,cotton
113,38,25,7.4,cotton
111,41,18,6.1,cotton
111,53,19,6.4,cotton
122,48,16,6.3,cotton
108,46,17,6.9,cotton
132,41,22,7.8,cotton
103,42,17,6.5,cotton
133,50,25,7.6,cotton
127,37,18,7,cotton
110,39,25,7.2,cotton
131,38,19,6.8,cotton
108,38,24,7.4,cotton
122,40,17,6.9,cotton
111,50,15,7.9,cotton
140,40,17,6,cotton
100,40,20,7.4,cotton
123,50,16,6.5,cotton
107,36,21,6.2,cotton
118,50,19,6.4,cotton
103,51,20,7,cotton
133,57,19,7.9,cotton
129,47,20,6.3,cotton
116,52,19,6.1,cotton
114,40,23,6.8,cotton
131,60,17,7.4,cotton
107,43,18,6.7,cotton
123,44,21,7.6,cotton
112,49,25,6.5,cotton
119,44,15,7.1,cotton
130,59,19,6.5,cotton
127,53,24,6.1,cotton
134,52,18,8,cotton
109,36,18,7.5,cotton
100,48,17,7.8,cotton
132,52,19,6.4,cotton
102,37,25,5.9,cotton
111,39,22,6.1,cotton
117,51,15,6,cotton
136,36,24,7.6,cotton
134,56,18,6.7,cotton
112,54,15,6.2,cotton
105,56,15,7.3,cotton
140,45,15,5.8,cotton
126,46,25,6.8,cotton
106,49,24,7,cotton
121,53,19,8,cotton
108,60,17,6.6,cotton
116,56,17,8,cotton
100,52,19,7.9,cotton
129,43,16,6.7,cotton
118,44,23,6.7,cotton
117,43,25,7.8,cotton
126,37,21,6.6,cotton
120,48,16,7.5,cotton
102,45,16,7.3,cotton
131,56,20,7.8,cotton
114,40,17,6.4,cotton
101,37,18,7.6,cotton
106,46,20,6.2,cotton
113,38,20,6.4,cotton
102,53,21,6.9,cotton
110,39,18,7.8,cotton
107,58,15,7.6,cotton
120,60,15,7.3,cotton
89,47,38,6,jute
60,37,39,6,jute
63,41,45,7.1,jute
86,40,39,6.2,jute
96,41,40,6.1,jute
100,35,36,6.3,jute
63,37,43,6.7,jute
70,43,40,6.2,jute
67,55,44,7.3,jute
74,40,40,6.4,jute
89,53,44,7.3,jute
74,46,45,6,jute
89,41,38,6.3,jute
60,55,40,7,jute
67,43,38,7.3,jute
70,38,35,7,jute
74,49,38,7.5,jute
90,40,39,6.6,jute
82,35,44,6.2,jute
73,45,37,6.7,jute
85,53,38,6.6,jute
81,56,36,7.1,jute
84,55,38,7,jute
80,45,42,7.4,jute
76,54,45,6.2,jute
76,56,39,6.6,jute
81,40,45,6.4,jute
76,44,45,6.7,jute
69,47,40,6.1,jute
82,40,45,6.7,jute
69,57,35,6.2,jute
81,36,38,6.3,jute
67,60,38,7.2,jute
72,51,40,7.4,jute
65,39,45,6.8,jute
78,50,43,6.3,jute
77,52,41,6.1,jute
89,52,42,6.1,jute
62,49,37,7.5,jute
90,48,45,6.5,jute
66,47,36,6.6,jute
80,52,39,7.2,jute
89,52,45,7.2,jute
77,51,44,7.1,jute
94,37,41,6.5,jute
75,41,35,6.9,jute
60,55,36,7.1,jute
62,56,35,6.2,jute
84,40,42,6.7,jute
100,56,40,7.4,jute
75,56,44,6.1,jute
78,46,42,7.1,jute
82,48,36,6.4,jute
100,58,41,6.7,jute
88,50,40,7.1,jute
67,41,40,7.3,jute
72,42,43,6.4,jute
89,40,43,7.1,jute
89,57,43,7,jute
61,41,44,6.5,jute
79,45,43,7.2,jute
84,40,43,7.2,jute
98,43,35,7.3,jute
75,36,44,6.6,jute
89,58,35,6.1,jute
91,41,37,6.1,jute
77,48,36,7.4,jute
66,58,35,7.3,jute
62,59,41,7.2,jute
82,35,35,7.3,jute
61,41,35,6.8,jute
99,57,38,6.4,jute
70,42,43,6.5,jute
90,59,35,7.1,jute
73,43,42,6.3,jute
67,46,44,7.1,jute
84,37,42,6.7,jute
72,41,36,6.2,jute
71,56,37,6.5,jute
64,53,38,6.9,jute
65,54,39,7.1,jute
60,58,37,6.1,jute
86,39,43,6.4,jute
90,50,44,6.3,jute
91,38,36,7.3,jute
87,48,38,7.2,jute
72,41,36,6.1,jute
71,54,35,7.3,jute
82,46,41,6.6,jute
71,52,43,6.7,jute
80,43,43,6,jute
77,55,43,6.7,jute
95,57,41,6.4,jute
63,47,35,7.4,jute
93,43,38,7,jute
87,44,43,6.7,jute
88,52,39,6.9,jute
90,39,37,6.9,jute
90,39,43,6.8,jute
84,38,43,7.3,jute
91,21,26,7.3,coffee
107,21,26,7.2,coffee
83,38,35,7.2,coffee
108,24,31,6.4,coffee
116,28,34,6.4,coffee
116,23,25,6.9,coffee
109,31,27,7,coffee
89,25,34,7.2,coffee
118,18,32,6.4,coffee
111,32,34,6.4,coffee
84,36,28,6.1,coffee
85,33,25,6.9,coffee
99,15,27,6.5,coffee
81,30,31,7,coffee
95,39,29,7.1,coffee
81,34,30,6.6,coffee
80,15,28,6.7,coffee
104,20,26,7.5,coffee
109,29,28,6.7,coffee
100,32,26,6,coffee
100,24,28,7.1,coffee
83,21,28,7.5,coffee
120,23,28,6.9,coffee
104,26,30,6.4,coffee
108,33,31,7.4,coffee
91,25,26,7.5,coffee
86,26,27,6.1,coffee
98,18,27,6.5,coffee
111,27,31,6,coffee
84,39,35,7,coffee
98,27,27,7.2,coffee
118,21,34,7.2,coffee
103,27,31,6.7,coffee
82,24,33,6.8,coffee
86,31,35,6.5,coffee
88,35,35,6.8,coffee
84,27,29,7.2,coffee
120,40,33,6.7,coffee
106,40,30,6.8,coffee
113,21,33,7.3,coffee
117,34,25,7.2,coffee
80,30,25,7.5,coffee
88,21,27,7.2,coffee
113,33,34,6.6,coffee
87,23,28,7,coffee
113,15,29,6.8,coffee
98,29,30,6.2,coffee
97,29,27,7.2,coffee
85,35,32,6.9,coffee
82,29,35,6.2,coffee
103,33,25,6.9,coffee
112,17,28,6.8,coffee
99,19,33,6.3,coffee
120,20,34,6.9,coffee
114,27,28,7.2,coffee
100,40,35,7,coffee
108,35,25,7,coffee
115,31,30,6.8,coffee
87,28,30,6.5,coffee
82,24,26,6.1,coffee
94,26,27,7.5,coffee
87,28,35,6.8,coffee
118,40,35,7.5,coffee
87,38,29,6.7,coffee
92,40,30,6,coffee
97,22,26,6.1,coffee
99,40,32,7,coffee
89,28,33,7,coffee
112,39,29,6.7,coffee
111,28,26,6.9,coffee
114,20,26,7.3,coffee
117,26,30,7.1,coffee
111,29,31,6.1,coffee
119,30,28,6.5,coffee
116,40,33,7,coffee
95,37,35,6.3,coffee
86,40,33,7.4,coffee
117,37,32,6.8,coffee
105,18,35,6.7,coffee
109,23,25,7,coffee
80,18,31,7.3,coffee
101,31,26,6.9,coffee
103,33,33,7.1,coffee
93,26,27,7.3,coffee
104,35,28,7,coffee
116,36,25,6.2,coffee
107,38,29,6.4,coffee
101,33,33,6.9,coffee
107,31,31,6.8,coffee
99,16,30,6.4,coffee
103,40,30,6.3,coffee
118,31,34,6.1,coffee
106,21,35,7.4,coffee
116,38,34,6,coffee
97,35,26,6.3,coffee
107,34,32,6.8,coffee
99,15,27,6.1,coffee
118,33,30,6.4,coffee
117,32,34,6.8,coffee
104,18,30,6.8,coffee
